{
  "format_version": "1.21.80",
  "minecraft:lighting_settings": {
    "description": {
      "identifier": "lucent_light:default_lighting"
    },
    "directional_lights": {
      "orbital": {
        "sun": {
          "illuminance": {
            "0.000000": 95.0,
            "0.050000": 95.0,
            "0.140000": 95.0,
            "0.210000": 50.0,
            "0.260000": 5.0,
            "0.313846": 0.0,
            "0.684230": 0.0,
            "0.740000": 5.0,
            "0.790000": 50.0,
            "0.860000": 95.0,
            "0.950000": 95.0,
            "1.000000": 95.0
          },
          "color": {
            "0.000000": [245, 200, 170],
            "0.050000": [240, 215, 200],
            "0.140000": [230, 225, 235],
            "0.200000": [230, 225, 235],
            "0.216944": [255, 175, 120],
            "0.242908": [255, 150, 80],
            "0.269504": [255, 130, 50],
            "0.314561": [200, 150, 180],
            "0.506998": [200, 130, 100],
            "0.717949": [200, 150, 180],
            "0.730000": [255, 130, 50],
            "0.757000": [255, 150, 80],
            "0.783000": [255, 175, 120],
            "0.800000": [230, 225, 235],
            "0.860000": [230, 225, 235],
            "0.950000": [240, 215, 200],
            "1.000000": [245, 200, 170]
          }
        },
        "moon": {
          "illuminance": {
            "0.000000": 0.0,
            "0.200000": 0.0,
            "0.225000": 0.2,
            "0.735000": 0.2,
            "0.750000": 0.0,
            "1.000000": 0.0
          },
          "color": {
            "0.000000": [155, 175, 255],
            "1.000000": [155, 175, 255]
          }
        },
        "orbital_offset_degrees": 0.0
      },
      "flash": {
        "illuminance": 10.0,
        "color": [200, 150, 255]
      }
    },
    "emissive": {
      "desaturation": 0.1
    },
    "ambient": {
      "color": [230, 235, 255],
      "illuminance": 0.02
    },
    "sky": {
      "intensity": 0.55
    }
  }
}
