{
  "format_version": "1.21.40",
  "minecraft:atmosphere_settings": {
    "description": {
      "identifier": "lucent_light:default_atmospherics"
    },
    "sky_zenith_color": {
      "0.000000": [38, 95, 220],
      "0.140000": [48, 105, 220],
      "0.199685": [80, 105, 180],
      "0.250000": [25, 25, 60],
      "0.352560": [12, 12, 30],
      "0.500000": [8, 10, 28],
      "0.644880": [12, 12, 30],
      "0.750000": [25, 25, 60],
      "0.800315": [90, 110, 175],
      "0.860000": [48, 105, 220],
      "1.000000": [38, 95, 220]
    },
    "sky_horizon_color": {
      "0.000000": [115, 160, 225],
      "0.100000": [115, 160, 225],
      "0.167053": [130, 168, 220],
      "0.217114": [230, 170, 140],
      "0.239274": [240, 170, 155],
      "0.276382": [120, 100, 110],
      "0.361464": [100, 110, 170],
      "0.401799": [60, 85, 140],
      "0.500000": [40, 50, 90],
      "0.616996": [60, 85, 140],
      "0.654508": [110, 110, 180],
      "0.706861": [200, 170, 210],
      "0.748744": [240, 195, 170],
      "0.786432": [210, 200, 195],
      "0.830049": [130, 168, 220],
      "0.900000": [115, 160, 225],
      "1.000000": [115, 160, 225]
    },
    "rayleigh_strength": {
      "0.000000": 14.0,
      "0.138743": 14.0,
      "0.250000": 6.0,
      "0.330402": 6.0,
      "0.640704": 6.0,
      "0.717412": 6.0,
      "0.750000": 8.0,
      "0.860000": 14.0,
      "0.929310": 14.0,
      "1.000000": 14.0
    },
    "sun_mie_strength": {
      "0.000000": 0.0,
      "0.200000": 0.0,
      "0.250000": 0.6,
      "0.400000": 0.0,
      "0.600000": 0.0,
      "0.750000": 0.6,
      "0.800000": 0.0,
      "1.000000": 0.0
    },
    "moon_mie_strength": {
      "0.000000": 0.0,
      "1.000000": 0.0
    },
    "sun_glare_shape": {
      "0.000000": 0.0,
      "0.200000": 0.0,
      "0.250000": 0.06,
      "0.400000": 0.0,
      "0.600000": 0.0,
      "0.750000": 0.04,
      "0.800000": 0.0,
      "1.000000": 0.0
    },
    "horizon_blend_stops": {
      "min": {
        "0.000000": 0.0,
        "1.000000": 0.0
      },
      "start": {
        "0.000000": 0.75,
        "0.250000": 0.45,
        "0.300912": 0.25,
        "0.750000": 0.25,
        "0.827004": 0.45,
        "1.000000": 0.75
      },
      "mie_start": {
        "0.000000": 0.5,
        "0.100000": 0.5,
        "0.200000": 1.0,
        "0.800000": 1.0,
        "0.900000": 0.5,
        "1.000000": 0.5
      },
      "max": {
        "0.000000": 0.25,
        "1.000000": 0.25
      }
    }
  }
}
